insert into user(user_name, password, role) values ('u', 'pw', 1);
insert into user(user_name, password, role) values ('u2', 'password', 0);
insert into user(user_name, password, role) values ('u3', 'p', 0);


insert into chapter(chapter_id, document_id, order_sequence, level, title, body, active) values ( 1, 1,  0, 1, 'Chapter 1', 'Lorem ipsum dolor sit amet, consetetur sadipscing elitr, sed diam nonumy eirmod tempor invidunt ut labore et dolore magna aliquyam erat, sed diam voluptua. At vero eos et accusam et justo duo dolores et ea rebum. Stet clita kasd gubergren, no sea takimata sanctus est Lorem ipsum dolor sit amet. Lorem ipsum dolor sit amet, consetetur sadipscing elitr, sed diam nonumy eirmod tempor invidunt ut labore et dolore magna aliquyam erat, sed diam voluptua. At vero eos et accusam et justo duo dolores et ea rebum. Stet clita kasd gubergren, no sea takimata sanctus est Lorem ipsum dolor sit amet.', 1);
insert into chapter(chapter_id, document_id, order_sequence, level, title, body, active) values ( 2, 1,  1, 1, 'Chapter 2', 'Lorem ipsum dolor sit amet, consetetur sadipscing elitr, sed diam nonumy eirmod tempor invidunt ut labore et dolore magna aliquyam erat, sed diam voluptua. At vero eos et accusam et justo duo dolores et ea rebum. Stet clita kasd gubergren, no sea takimata sanctus est Lorem ipsum dolor sit amet. Lorem ipsum dolor sit amet, consetetur sadipscing elitr, sed diam nonumy eirmod tempor invidunt ut labore et dolore magna aliquyam erat, sed diam voluptua. At vero eos et accusam et justo duo dolores et ea rebum. Stet clita kasd gubergren, no sea takimata sanctus est Lorem ipsum dolor sit amet.', 1);
insert into chapter(chapter_id, document_id, order_sequence, level, title, body, active) values ( 3, 1,  2, 2, 'Chapter 2.1', 'Doc1: Lorem ipsum dolor sit amet, consetetur sadipscing elitr, sed diam nonumy eirmod tempor invidunt ut labore et dolore magna aliquyam erat, sed diam voluptua. At vero eos et accusam et justo duo dolores et ea rebum. Stet clita kasd gubergren, no sea takimata sanctus est Lorem ipsum dolor sit amet. Lorem ipsum dolor sit amet, consetetur sadipscing elitr, sed diam nonumy eirmod tempor invidunt ut labore et dolore magna aliquyam erat, sed diam voluptua. At vero eos et accusam et justo duo dolores et ea rebum. Stet clita kasd gubergren, no sea takimata sanctus est Lorem ipsum dolor sit amet.', 1);
insert into chapter(chapter_id, document_id, order_sequence, level, title, body, active) values ( 4, 1,  3, 2, 'Chapter 2.2 moving!!!!', 'Doc1: Lorem ipsum dolor sit amet, consetetur sadipscing elitr, sed diam nonumy eirmod tempor invidunt ut labore et dolore magna aliquyam erat, sed diam voluptua. At vero eos et accusam et justo duo dolores et ea rebum. Stet clita kasd gubergren, no sea takimata sanctus est Lorem ipsum dolor sit amet. Lorem ipsum dolor sit amet, consetetur sadipscing elitr, sed diam nonumy eirmod tempor invidunt ut labore et dolore magna aliquyam erat, sed diam voluptua. At vero eos et accusam et justo duo dolores et ea rebum. Stet clita kasd gubergren, no sea takimata sanctus est Lorem ipsum dolor sit amet.', 1);
insert into chapter(chapter_id, document_id, order_sequence, level, title, body, active) values ( 5, 1,  4, 2, 'Chapter 2.3', 'Doc1: Lorem ipsum dolor sit amet, consetetur sadipscing elitr, sed diam nonumy eirmod tempor invidunt ut labore et dolore magna aliquyam erat, sed diam voluptua. At vero eos et accusam et justo duo dolores et ea rebum. Stet clita kasd gubergren, no sea takimata sanctus est Lorem ipsum dolor sit amet. Lorem ipsum dolor sit amet, consetetur sadipscing elitr, sed diam nonumy eirmod tempor invidunt ut labore et dolore magna aliquyam erat, sed diam voluptua. At vero eos et accusam et justo duo dolores et ea rebum. Stet clita kasd gubergren, no sea takimata sanctus est Lorem ipsum dolor sit amet.', 1);
insert into chapter(chapter_id, document_id, order_sequence, level, title, body, active) values ( 6, 1,  5, 1, 'Chapter 3', 'Doc1: Lorem ipsum dolor sit amet, consetetur sadipscing elitr, sed diam nonumy eirmod tempor invidunt ut labore et dolore magna aliquyam erat, sed diam voluptua. At vero eos et accusam et justo duo dolores et ea rebum. Stet clita kasd gubergren, no sea takimata sanctus est Lorem ipsum dolor sit amet. Lorem ipsum dolor sit amet, consetetur sadipscing elitr, sed diam nonumy eirmod tempor invidunt ut labore et dolore magna aliquyam erat, sed diam voluptua. At vero eos et accusam et justo duo dolores et ea rebum. Stet clita kasd gubergren, no sea takimata sanctus est Lorem ipsum dolor sit amet.', 1);
insert into chapter(chapter_id, document_id, order_sequence, level, title, body, active) values ( 7, 1,  6, 2, 'Chapter 3.1', 'Doc1: Lorem ipsum dolor sit amet, consetetur sadipscing elitr, sed diam nonumy eirmod tempor invidunt ut labore et dolore magna aliquyam erat, sed diam voluptua. At vero eos et accusam et justo duo dolores et ea rebum. Stet clita kasd gubergren, no sea takimata sanctus est Lorem ipsum dolor sit amet. Lorem ipsum dolor sit amet, consetetur sadipscing elitr, sed diam nonumy eirmod tempor invidunt ut labore et dolore magna aliquyam erat, sed diam voluptua. At vero eos et accusam et justo duo dolores et ea rebum. Stet clita kasd gubergren, no sea takimata sanctus est Lorem ipsum dolor sit amet.', 1);
insert into chapter(chapter_id, document_id, order_sequence, level, title, body, active) values ( 8, 1,  7, 2, 'Chapter 3.2', 'Doc1: Lorem ipsum dolor sit amet, consetetur sadipscing elitr, sed diam nonumy eirmod tempor invidunt ut labore et dolore magna aliquyam erat, sed diam voluptua. At vero eos et accusam et justo duo dolores et ea rebum. Stet clita kasd gubergren, no sea takimata sanctus est Lorem ipsum dolor sit amet. Lorem ipsum dolor sit amet, consetetur sadipscing elitr, sed diam nonumy eirmod tempor invidunt ut labore et dolore magna aliquyam erat, sed diam voluptua. At vero eos et accusam et justo duo dolores et ea rebum. Stet clita kasd gubergren, no sea takimata sanctus est Lorem ipsum dolor sit amet.', 1);
insert into chapter(chapter_id, document_id, order_sequence, level, title, body, active) values ( 9, 1,  8, 1, 'Chapter 4', 'Doc1: (deleted) Lorem ipsum dolor sit amet, consetetur sadipscing elitr, sed diam nonumy eirmod tempor invidunt ut labore et dolore magna aliquyam erat, sed diam voluptua. At vero eos et accusam et justo duo dolores et ea rebum. Stet clita kasd gubergren, no sea takimata sanctus est Lorem ipsum dolor sit amet. Lorem ipsum dolor sit amet, consetetur sadipscing elitr, sed diam nonumy eirmod tempor invidunt ut labore et dolore magna aliquyam erat, sed diam voluptua. At vero eos et accusam et justo duo dolores et ea rebum. Stet clita kasd gubergren, no sea takimata sanctus est Lorem ipsum dolor sit amet.', 0);
insert into chapter(chapter_id, document_id, order_sequence, level, title, body, active) values (10, 1,  9, 1, 'Chapter 5', 'Doc1: Bla bla Five (but 4 was deleted). Lorem ipsum dolor sit amet, consetetur sadipscing elitr, sed diam nonumy eirmod tempor invidunt ut labore et dolore magna aliquyam erat, sed diam voluptua. At vero eos et accusam et justo duo dolores et ea rebum. Stet clita kasd gubergren, no sea takimata sanctus est Lorem ipsum dolor sit amet. Lorem ipsum dolor sit amet, consetetur sadipscing elitr, sed diam nonumy eirmod tempor invidunt ut labore et dolore magna aliquyam erat, sed diam voluptua. At vero eos et accusam et justo duo dolores et ea rebum. Stet clita kasd gubergren, no sea takimata sanctus est Lorem ipsum dolor sit amet.', 1);

insert into chapter(chapter_id, document_id, order_sequence, level, title, body, active) values (11, 2,  0, 1, 'Chapter 1(d2)', 'Doc2: Bla bla 1 ', 1);
insert into chapter(chapter_id, document_id, order_sequence, level, title, body, active) values (12, 2,  1, 1, 'Chapter 2(d2)', 'Doc2: Bla bla 2', 1);

insert into chapter(chapter_id, document_id, order_sequence, level, title, body, active) values (13, 3,  1, 1, 'Main Chapter', 'Doc3: Bla bla 3', 1);


insert into document(document_Id, title, last_change_time, creation_time, active) values (1, '01 The Document One', CURRENT_TIMESTAMP(), CURRENT_TIMESTAMP(), 1);
insert into document(document_Id, title, last_change_time, creation_time, active) values (2, '02 The Document Two', CURRENT_TIMESTAMP(), CURRENT_TIMESTAMP(), 1);
insert into document(document_Id, title, last_change_time, creation_time, active) values (3, '03 The Document Three', CURRENT_TIMESTAMP(), CURRENT_TIMESTAMP(), 1);
insert into document(document_Id, title, last_change_time, creation_time, active) values (4, '04 The Document Four (empty)', CURRENT_TIMESTAMP(), CURRENT_TIMESTAMP(), 1);
insert into document(document_Id, title, last_change_time, creation_time, active) values (5, '05 Document of other user', CURRENT_TIMESTAMP(), CURRENT_TIMESTAMP(), 1);


insert into document_access(document_access_id, user_name, document_id) values (1, 'u', 1);
insert into document_access(document_access_id, user_name, document_id) values (2, 'u', 2);
insert into document_access(document_access_id, user_name, document_id) values (3, 'u', 3);
insert into document_access(document_access_id, user_name, document_id) values (4, 'u', 4);

insert into document_access(document_access_id, user_name, document_id) values (5, 'u2', 1);
insert into document_access(document_access_id, user_name, document_id) values (6, 'u2', 5);



