insert into chapter(chapter_id, document_id, order_sequence, level, title, body, active) values ( 1, 1,  0, 1, 'Chapter One', 'This is the *first* {c:red}test{c} chapter{nl}- item one{nl} - item two{nl} - item three{nl} {nl} Images:{nl} - ![my_pic_1 height=100mm]{nl} - ![my_pic_2 height=100mm]{nl}', 1);
insert into chapter(chapter_id, document_id, order_sequence, level, title, body, active) values ( 2, 1,  1, 1, 'Chapter Two', 'Lorem ipsum dolor sit amet, consetetur sadipscing elitr, sed diam nonumy eirmod tempor invidunt ut labore et dolore magna aliquyam erat, sed diam voluptua. At vero eos et accusam et justo duo dolores et ea rebum. Stet clita kasd gubergren, no sea takimata sanctus est Lorem ipsum dolor sit amet. Lorem ipsum dolor sit amet, consetetur sadipscing elitr, sed diam nonumy eirmod tempor invidunt ut labore et dolore magna aliquyam erat, sed diam voluptua. At vero eos et accusam et justo duo dolores et ea rebum. Stet clita kasd gubergren, no sea takimata sanctus est Lorem ipsum dolor sit amet.', 1);
insert into chapter(chapter_id, document_id, order_sequence, level, title, body, active) values ( 3, 1,  2, 2, 'Chapter Two part 1', '# Part 1 {nl}Lorem ipsum dolor sit amet, consetetur sadipscing elitr, sed diam nonumy eirmod tempor invidunt ut labore et dolore magna aliquyam erat{nl}{nl}## Part 1.1{nl}Lorem ipsum dolor sit amet, consetetur sadipscing elitr, sed diam nonumy eirmod tempor invidunt ut labore et dolore magna aliquyam erat{nl}{nl}## Part 1.2{nl}Lorem ipsum dolor sit amet, consetetur sadipscing elitr, sed diam nonumy eirmod tempor invidunt ut labore et dolore magna aliquyam erat{nl}{nl}### Part 1.2.1{nl}Lorem ipsum dolor sit amet, consetetur sadipscing elitr, sed diam nonumy eirmod tempor invidunt ut labore et dolore magna aliquyam erat{nl}{nl}### Part 1.2.2{nl}Lorem ipsum dolor sit amet, consetetur sadipscing elitr, sed diam nonumy eirmod tempor invidunt ut labore et dolore magna aliquyam erat{nl}{nl}## Part 1.3{nl}Lorem ipsum dolor sit amet, consetetur sadipscing elitr, sed diam nonumy eirmod tempor invidunt ut labore et dolore magna aliquyam erat{nl}{nl}# Part 2{nl}Lorem ipsum dolor sit amet, consetetur sadipscing elitr, sed diam nonumy eirmod tempor invidunt ut labore et dolore magna aliquyam erat', 1);
insert into chapter(chapter_id, document_id, order_sequence, level, title, body, active) values ( 4, 1,  3, 2, 'Chapter Two part 2', 'Some Source code:{nl}´´java{nl}int x = myMethod(true, varAbc, !!!ph!<username>!!!);{nl}return x;{nl}´´{nl}other text...', 1);
insert into chapter(chapter_id, document_id, order_sequence, level, title, body, active) values ( 5, 1,  4, 3, 'Chapter Two part 2.1', '# Part 1 {nl}Lorem ipsum dolor sit amet, consetetur sadipscing elitr, sed diam nonumy eirmod tempor invidunt ut labore et dolore magna aliquyam erat{nl}{nl}## Part 1.1{nl}Lorem ipsum dolor sit amet, consetetur sadipscing elitr, sed diam nonumy eirmod tempor invidunt ut labore et dolore magna aliquyam erat{nl}{nl}## Part 1.2{nl}Lorem ipsum dolor sit amet, consetetur sadipscing elitr, sed diam nonumy eirmod tempor invidunt ut labore et dolore magna aliquyam erat{nl}{nl}### Part 1.2.1{nl}Lorem ipsum dolor sit amet, consetetur sadipscing elitr, sed diam nonumy eirmod tempor invidunt ut labore et dolore magna aliquyam erat{nl}{nl}### Part 1.2.2{nl}Lorem ipsum dolor sit amet, consetetur sadipscing elitr, sed diam nonumy eirmod tempor invidunt ut labore et dolore magna aliquyam erat{nl}{nl}## Part 1.3{nl}Lorem ipsum dolor sit amet, consetetur sadipscing elitr, sed diam nonumy eirmod tempor invidunt ut labore et dolore magna aliquyam erat{nl}{nl}# Part 2{nl}Lorem ipsum dolor sit amet, consetetur sadipscing elitr, sed diam nonumy eirmod tempor invidunt ut labore et dolore magna aliquyam erat', 1);
insert into chapter(chapter_id, document_id, order_sequence, level, title, body, active) values ( 6, 1,  5, 3, 'Chapter Two part 2.2', '# Part 1 {nl}Lorem ipsum dolor sit amet, consetetur sadipscing elitr, sed diam nonumy eirmod tempor invidunt ut labore et dolore magna aliquyam erat{nl}{nl}## Part 1.1{nl}Lorem ipsum dolor sit amet, consetetur sadipscing elitr, sed diam nonumy eirmod tempor invidunt ut labore et dolore magna aliquyam erat{nl}{nl}## Part 1.2{nl}Lorem ipsum dolor sit amet, consetetur sadipscing elitr, sed diam nonumy eirmod tempor invidunt ut labore et dolore magna aliquyam erat{nl}{nl}### Part 1.2.1{nl}Lorem ipsum dolor sit amet, consetetur sadipscing elitr, sed diam nonumy eirmod tempor invidunt ut labore et dolore magna aliquyam erat{nl}{nl}### Part 1.2.2{nl}Lorem ipsum dolor sit amet, consetetur sadipscing elitr, sed diam nonumy eirmod tempor invidunt ut labore et dolore magna aliquyam erat{nl}{nl}## Part 1.3{nl}Lorem ipsum dolor sit amet, consetetur sadipscing elitr, sed diam nonumy eirmod tempor invidunt ut labore et dolore magna aliquyam erat{nl}{nl}# Part 2{nl}Lorem ipsum dolor sit amet, consetetur sadipscing elitr, sed diam nonumy eirmod tempor invidunt ut labore et dolore magna aliquyam erat', 1);
insert into chapter(chapter_id, document_id, order_sequence, level, title, body, active) values ( 7, 1,  6, 2, 'Chapter Two part 3', 'Doc1: Lorem ipsum dolor sit amet, consetetur sadipscing elitr, sed diam nonumy eirmod tempor invidunt ut labore et dolore magna aliquyam erat, sed diam voluptua. At vero eos et accusam et justo duo dolores et ea rebum. Stet clita kasd gubergren, no sea takimata sanctus est Lorem ipsum dolor sit amet. Lorem ipsum dolor sit amet, consetetur sadipscing elitr, sed diam nonumy eirmod tempor invidunt ut labore et dolore magna aliquyam erat, sed diam voluptua. At vero eos et accusam et justo duo dolores et ea rebum. Stet clita kasd gubergren, no sea takimata sanctus est Lorem ipsum dolor sit amet.', 1);
insert into chapter(chapter_id, document_id, order_sequence, level, title, body, active) values ( 8, 1,  7, 1, 'Chapter Three', 'Doc1: Lorem ipsum dolor sit amet, consetetur sadipscing elitr, sed diam nonumy eirmod tempor invidunt ut labore et dolore magna aliquyam erat, sed diam voluptua. At vero eos et accusam et justo duo dolores et ea rebum. Stet clita kasd gubergren, no sea takimata sanctus est Lorem ipsum dolor sit amet. Lorem ipsum dolor sit amet, consetetur sadipscing elitr, sed diam nonumy eirmod tempor invidunt ut labore et dolore magna aliquyam erat, sed diam voluptua. At vero eos et accusam et justo duo dolores et ea rebum. Stet clita kasd gubergren, no sea takimata sanctus est Lorem ipsum dolor sit amet.', 1);
insert into chapter(chapter_id, document_id, order_sequence, level, title, body, active) values ( 9, 1,  8, 2, 'Chapter Three: First', 'Doc1: Lorem ipsum dolor sit amet, consetetur sadipscing elitr, sed diam nonumy eirmod tempor invidunt ut labore et dolore magna aliquyam erat, sed diam voluptua. At vero eos et accusam et justo duo dolores et ea rebum. Stet clita kasd gubergren, no sea takimata sanctus est Lorem ipsum dolor sit amet. Lorem ipsum dolor sit amet, consetetur sadipscing elitr, sed diam nonumy eirmod tempor invidunt ut labore et dolore magna aliquyam erat, sed diam voluptua. At vero eos et accusam et justo duo dolores et ea rebum. Stet clita kasd gubergren, no sea takimata sanctus est Lorem ipsum dolor sit amet.', 1);
insert into chapter(chapter_id, document_id, order_sequence, level, title, body, active) values (10, 1,  9, 2, 'Chapter Three: Second', 'Doc1: Lorem ipsum dolor sit amet, consetetur sadipscing elitr, sed diam nonumy eirmod tempor invidunt ut labore et dolore magna aliquyam erat, sed diam voluptua. At vero eos et accusam et justo duo dolores et ea rebum. Stet clita kasd gubergren, no sea takimata sanctus est Lorem ipsum dolor sit amet. Lorem ipsum dolor sit amet, consetetur sadipscing elitr, sed diam nonumy eirmod tempor invidunt ut labore et dolore magna aliquyam erat, sed diam voluptua. At vero eos et accusam et justo duo dolores et ea rebum. Stet clita kasd gubergren, no sea takimata sanctus est Lorem ipsum dolor sit amet.', 1);
insert into chapter(chapter_id, document_id, order_sequence, level, title, body, active) values (11, 1, 10, 1, 'Chapter Four', 'Doc1: (deleted) Lorem ipsum dolor sit amet, consetetur sadipscing elitr, sed diam nonumy eirmod tempor invidunt ut labore et dolore magna aliquyam erat, sed diam voluptua. At vero eos et accusam et justo duo dolores et ea rebum. Stet clita kasd gubergren, no sea takimata sanctus est Lorem ipsum dolor sit amet. Lorem ipsum dolor sit amet, consetetur sadipscing elitr, sed diam nonumy eirmod tempor invidunt ut labore et dolore magna aliquyam erat, sed diam voluptua. At vero eos et accusam et justo duo dolores et ea rebum. Stet clita kasd gubergren, no sea takimata sanctus est Lorem ipsum dolor sit amet.', 0);
insert into chapter(chapter_id, document_id, order_sequence, level, title, body, active) values (12, 1, 11, 1, 'Chapter Five', 'Doc1: Bla bla Five (but 4 was deleted). Lorem ipsum dolor sit amet, consetetur sadipscing elitr, sed diam nonumy eirmod tempor invidunt ut labore et dolore magna aliquyam erat, sed diam voluptua. At vero eos et accusam et justo duo dolores et ea rebum. Stet clita kasd gubergren, no sea takimata sanctus est Lorem ipsum dolor sit amet. Lorem ipsum dolor sit amet, consetetur sadipscing elitr, sed diam nonumy eirmod tempor invidunt ut labore et dolore magna aliquyam erat, sed diam voluptua. At vero eos et accusam et justo duo dolores et ea rebum. Stet clita kasd gubergren, no sea takimata sanctus est Lorem ipsum dolor sit amet.', 1);
insert into chapter(chapter_id, document_id, order_sequence, level, title, body, active) values (13, 1, 12, 1, 'Chapter Empty', '', 1);

insert into chapter(chapter_id, document_id, order_sequence, level, title, body, active) values (14, 2,  0, 1, 'Chapter One(d2)', 'Doc2: Bla bla 1 ', 1);
insert into chapter(chapter_id, document_id, order_sequence, level, title, body, active) values (15, 2,  1, 1, 'Chapter Two(d2)', 'Doc2: Bla bla 2', 1);

insert into chapter(chapter_id, document_id, order_sequence, level, title, body, active) values (16, 3,  1, 1, 'Main Chapter', 'Doc3: Bla bla 3', 1);


insert into document(document_Id, title, last_change_time, creation_time, active) values (1, '01 The Document One', CURRENT_TIMESTAMP(), CURRENT_TIMESTAMP(), 1);
insert into document(document_Id, title, last_change_time, creation_time, active) values (2, '02 The Document Two', CURRENT_TIMESTAMP(), CURRENT_TIMESTAMP(), 1);
insert into document(document_Id, title, last_change_time, creation_time, active) values (3, '03 The Document Three', CURRENT_TIMESTAMP(), CURRENT_TIMESTAMP(), 1);
insert into document(document_Id, title, last_change_time, creation_time, active) values (4, '04 The Document Four (empty)', CURRENT_TIMESTAMP(), CURRENT_TIMESTAMP(), 1);
insert into document(document_Id, title, last_change_time, creation_time, active) values (5, '05 Document of other user', CURRENT_TIMESTAMP(), CURRENT_TIMESTAMP(), 1);


insert into document_access(document_access_id, user_name, document_id) values (1, 'u', 1);
insert into document_access(document_access_id, user_name, document_id) values (2, 'u', 2);
insert into document_access(document_access_id, user_name, document_id) values (3, 'u', 3);
insert into document_access(document_access_id, user_name, document_id) values (4, 'u', 4);

insert into document_access(document_access_id, user_name, document_id) values (5, 'u2', 1);
insert into document_access(document_access_id, user_name, document_id) values (6, 'u2', 5);


insert into picture(pic_id, chapter_id, name, type, data) values (1, 1, 'my_pic_1', 'png', '89504e470d0a1a0a0000000d494844520000001e0000001e0802000000b45239f5000000097048597300000b1300000b1301009a9c180000000774494d4507e405070d2318b12b38990000001d69545874436f6d6d656e7400000000004372656174656420776974682047494d50642e6507000008204944415448c705c1b9ae25470100d0dabaaaf7fdaeefcebc19dbb28d20b0044248446438414284a4440490f3657c0818247b16f196bbf7de5d5dd5b5700efce7777f7b0dc0427777ded86f0e05be2de3c6f45c06fbd7ee4eccf587daf75df3d36ee3dcea03dc563f3a72d25f882bcf1e3d7541e30f3638b85f7d83a4b7fef6917d60f9c17998bcb53b93ca75edda8a7b8bd3c4ab2048433c5647fbde48d9ae85d387da995b98eda77b373950b7f6107b477e7132cbae30918941ba8c80a170ef86ac4bbe24a6899ad4129390e88d09ac77637e957a07aa075d0036e201cf9cafb03b564d9c9897dc52d2840e51f0cde3995f574690d7641ef3db04b690c041ef7b877a67e20f0e6678a6fb151d3889c8be575151544b044dbdb0144cf88d09757a09afafaa0f21233a97affda695e52e98ce7369c30fd661a6bc73b30a6a3393c473a18ca050119e21560fae93d52d3e908f82f5681a82cd59f56eb239e3c149f4f072042e058fb3e6e4c50d4df68331abc07f995094b64eb7e3fac7e49214139837270fa5e2d533d6779268a9e22846ea3aae8f1920e06e5ad7b37c96dbf8bfb4cc752c41eb0ea6a583a65d1fa6fd7a541963a39296a848b315e067e47c7d7fba14766a9d440b3331373e7aacf719456ac7f1270fb81ae0dfbdfb032ed3867ac671adfebc8d9894a4ba18b3f63efbd379b171dcb448f7f8a9595cb8a0670b9bcd741b68a57bf70d0995aa573eb1a0d8a9ce1a672278de703a684fe23f6f7fbbd8e7d45cad5fc3898afbe9229e4426692926a5e5e1d382ba65517e93dec0b2bce92befd4ce1f71d8c59a7210dc5190e5e6352ca31c0a05d2649cd1dafa97f6db007fffab5ff61a69c929735ae734329b88a94aee8282991e8962cd045b9f78beb499d2608e166fa29634ccc74936776a657b17c459d48dd19af24a66ae6bf19ecb48e1efb35f07acdf38abe1a8017016ff7e397186ec0b098725e350569e74f0590ca83ff18e29c36d2c89832c19b40acb75ba44c8ce81b3a556cecb02578de5d237d9bcc27f0f7f9328a58dc57a71bca115d2d6c127bcf188091b643cbe0cedd9a0e338ce6d987634c740868b45d4e540cbc66590821aa40a4d2a58657dbe60940b1ea1d0904b21435439dc4953fb99d095029d142ebe20e0dfd415a04b80fc75ed2f8d93b36e84e162470f6b34892688131f8b88f7795c7a5b5a448d71a8310ab8eb245f3825bb65d059000f2f9721f26e7a16fe03060d6c6d5da776ea8ea2be8fc87f280a20a51fd826c295f6ac58de9ad47deaab1058323da4657c7d0114f9eb91aa146ae5841922e61bcf5378f4b3f6523fb0e066dba75779f07b21c69609bf0c200217538bca7a711769e1a7635f01127ef67412ff22be511245d77fc3b78163a471da79fc193976144f30c47ffde24fa07e4bdc17ccfac4defd5e9504b710b064471772e38371ac6d2437705734737a470090e2ebf1d1cad0cfd60c523814eeb71829eb6914f8846cf0fb4a753a4ec98a4f5d408e3aa77069144a22b77221c4325bd05c2ec61079a38ae5018b947b56fac16ea62997520421d3ce45d27c457a026900475192d69329863c041ead3afc8fefbe970b347765c33897a0e3786a97fc84875650188f688187382a32e90547281777eff9ce148a3c829d365191c47399ea0d489db7c6355d5eb25c2e6502803e96c47b2a566882a1c637646f3ebf4ecd52796b940ff63f388ce4371dd4d867846bfd90529f699359199d0c2ff2bcf4433cfb8ad1a27fbcc168c5e6b57017d72eaf454238e1f45215a59e9e2deaf94a68b5b0bb3e81f392ef2391d769bdaaca677fa39ccb5e158db122051a3aab762b8437fd743b78588fc99856bb85c886ff6fca155d08b996b5c07ffcedef21eabc18f87dcbfba7990e12df58bc5705d6c2b588e81a372ad784aa7ecad5d6642875d724a6f9e0ce4dccb801c30e37913f9e1607a06761ee000fd282996ccd59b6663db483ad5710a099953af8b19c665c8e5ba8eae1f9dd178a36f58180aa30da8b45e6b0893cd56b119ba4eb4f872cb9cda7e80adec1ac2772cda10f863bd311a1aad9a88eeb2b6641ef046577e41b5589b113a69983ab5bb6104d369bccfe107e6a20489f1d9c592d4ac3685eb3c02747f1a5aa7aec0cc16dddbb6e4026325ab0ae51c7080f20f253fda69d98fed77eb9910df0bf4a15aa1d871617d8f0cc987872f91cbe3bbbe43c38d26cae6abc1b306429405f7e32a056eb76e5d4cd6e9cb115599aebcf19b9d34f7361227fc134e0b9edafb8593c503b63b85de7d78fbeb7f760738d72cf7bc37dab1aa1fce0a3e794c80d2cbfb6db564fe1bcb607170d298dfd018598e93b5999004598da78baefcc49bd20f7aea01ab2e3f970d3bb577f8225f5295e84126b75ef88b63cdcc24ab7d098f0c0634c0a6c41c03d903b392d0864a91ad353019111674ddc5cf146c1e63266cb789ba334a1383f79b554619bb5747207f19115c210babe49ebcf7e98907a916d6dd0ce9bad4db7b5bf7d3b5bdbb21d86329cd3bbd41f9c300dc8f1c331725ceb1876896e81bfbcb2cf5ecdd9fbc59d635cbc8e5631eadd31269ab0d584811d7f7a3ffa4b4b1deab2a29b672b9e5ff339c585a2721b1adbd4fd7e1dbf76822c58dea15dacb390a67a8a5e89825e40173dab5884aecf9760dc561c5f6a9915f0e099559d05624e191775236a2f2edd55e79db8f0f53a5e5cae678253ff255e3b33819b66780228d7f71351ceb9cf0f9238c34945c1e437a8521b218645ed4a37ed46f5289a61609b2677667f46e8ed9ed8937c6ee3f2d8166f26dd2698b13961814f924f19fecbcf3123f8a56f3880daf346c6bacb6935ed2c7216bae2a29ce259a50016d1ea3ed21ebc6f02ca1d8822e4c3e5050622093964ad1bdeb792e3b9a12b421edb55aee1ff0112530bcb15bb945e0000000049454e44ae426082');
insert into picture(pic_id, chapter_id, name, type, data) values (2, 1, 'my_pic_2', 'png', '89504E470D0A1A0A0000000D4948445200000064000000640804000000DAEB5DDF000000097048597300000B1300000B1301009A9C180000000774494D4507E4050C091C32E246F4AE0000001D69545874436F6D6D656E7400000000004372656174656420776974682047494D50642E650700000AF34944415478DACD5C797454D519FF7DF74D3620049340800025A0062C48140A2E502BE011F0405945505BA5A7D5DA23B4A8D54A8BD2BAD583AD47EB563DD642952250AB88528F614B65A908188C040121682421904020FBBCFBEB1F994C66CF9B99F7C67C7FDD7797F7EEEFDBEEF7DD7B67C0B869B68E7ECCB190B5B57C31E65928C4498B998EAA28C734E32E86AA6F444DCCF38813C867E86BDE2E4F4439AA06F921EB1B3888DF12902D18ED1A877D5A4735AA3BEAE44C88FA0AC997D65215F631A140AACCFE00A6A8A3012A1299D2F0127A84A8DFC32C4F690A0A24A1403E913C0293B8C38F7F7F36CF05F574A3D6E7A92424BF0B25D76343839D57AD3ABFA7631A02F4933D7EFCFB9E2A0F1A5789355EFDABE7BA1040AA91C3D6D79CC170E781DC0D1F7B606F170064A004BE33EB21B541E3CEB187F75BCD9214E2BB0BF51F3CEC386FBF449A826A66E290B7ACA59F07D52DF8BBDBD7061A5A02C7A5CB112F073270CC0C028A3CB9A0CDF23858DB0CE4C6A0095D848A7620303C3CBC15AF193E82423757E03803DAFB2DC14123B0BD0CD7B7BB61E9A66C0692AD4E05D4646193975BC276859AC6233E0B9E04F91C133D7D9E86C01D68E87A90B77CD4EC62B76A4D35D606986536F67AC72831BD139EA99EF7E919AC19C4199FF63C1E0E68DFAAFA7ADF75D848B51BC80D581D34A719D8C83615A9F4EAFA409CC7364F7D36773158B59A7DA49462FAAF352B709BCF88A33A336A20AEC8CD4948364CF82BF48F319F933C933AE933B99764B21E2B0A75BA4CBD876EA882DBAD8D4C26B3B7EA267530CC7AA34D659A5DC984CFD8F7B9CAE7E91B95643710E06A96CB8000216AEF4747480B923CABC0EB489671A8E19572352AF53C88820B8054E3048F3715A554AB07B89EE3F084EA8B2664FBC60718AD7DB8A5B36358A63B0472831CC28080A52D4556F0AC64B001D5F24B3D10552A59F75305188AFE688D96D6A8646FFF1CE44841CA34408067E4149EC5397E22F9B806399E1EC731DE47E8FB79A99FB46C02928BD598E029AFC71BD86BCE352E64AECC82212ED4E36A8C566DB6D62EA915E1FD209601328783E55E5DA4C670B8DC83CD7A81B44FBDC4C881ED1221BEC23B7A144AA59935B8565E438A0134CB6D9CE0F970B284F21C3D3BF8ACD93C3265A5024CD9C5E5F2376648575C827CA609508D5EF64AA401F7EAE3B89577186EFC1A293E4B4332A6CB2ACC03D097FF968218F8979F724A672BC0C055A25BFA24CD47B5FE4096491FFDBC6A468E8611F52BC3278FDBF5744D9275EEC9C18D7AA2A75064C692981EE27A6FB9C4FCA33759DEA667EB29AC88E19D88D4F8237D9E24F9903E1E94972F345B6817D5FB944DDEC4B1ACB537671FC2930080F9F26E50DBE53800BB28CDCFB957A10837F2849D2BFB384F387E31D6B13960859F2AAFC019AA04F0BECC670B6DB211B2946DDABB8F0B42B46B3A41EB34496EE69BF6A9561EDED1AD19D308A4E9E0AC4F1C91C84C018071789AB6A9563286185BDB3243B589F14F7215E6C0FF350FF268C89E062E93FDA66DD1EF72DCE761FB8558658300B2312C408E23A52E4CDF1E3C65D806A407C67832420305DC1EB74CAEC343819E111F86E97B46FADBB9F9309B5F794A4B5112E5B47F812F3BEC33186F86614FAD5BEC0492276B3DA554F96994CA75821DC6A44845060E8584D2E2B21ACD134D91DD6F2B5DA663F3B356076D73CF0B593F964D165FF1B2BB585B003D0D5B63B207ABE21B67948694C8377E917578DAAF5718A5D2B1ECB14016F21A38470DA89368338C232C944F51650E307AB146E621D78A6A91D3FDC23ABBE93377575686A85FA4378650AD467EA8C7EB87F5C956EDF5F67059E1D96C1E93A18E49A497916B9E367A05D5E7487980CA1573AD6462180A25587B2D011923ABCD258653407A62A37126E41A5625AD3E8928E35F508A7C5986F430C66709C80014AA250E5A89422820A3CDE58AF22A1ACD64C992A5CC50716D3EB4C65CD9F225063906A41BF6F2DA203EE7ABF778B3F9822BC3B0E2042DAE39F3F02FD3398964614FD03457EA35CC93375C1976E423BE3454C7BBF045A24742E6E9B35961FFF1F430A90FEBD3EF868E53262EA810AA338365F6C55A6D34CA5D1EA6E54299C6923891ECD13D4300192145F603B9CE7598E1DDF3DAB80E555B3032E4F80B58AFA306D28055FAE308F9460EB6846DEB8ECF8138729517F4F5A1BDA5ECB4CC20F5280F79B4345FEAD81CB66326236523BF357F1F63FE588927992A2342B65D8003D6D953CA7CAFBF38CC4311FC4201DD115AEFE4E9685D95B98DD7F06E9645E8328955169DA2CAC7FDF2330FEE3436FA71A01AFB3DCF4D3C8631782B6236B817C0711E4065875C6CC00EAEC42C55CC4D7826E0D0C29FC6EB372D4A5AC85A0CC72DC846B6AE549BF51C55A33FC2FF545734A2024DBAA7CA367B1B2E5C4CC52D6A1753C3BCB81ECFEA24D5C47EB2939F6283F82E642F739C0C69953F0EA250FF474DD58B556F0B9EE67DBC8BE7ACEEC657F0128C168D136A93FE893A872CB59857A1982D32B2D519B48508722552C3F2A70B76A96A6E11E056A9C11CCCE264EF49D700D9CAAFA588DBE4FB3A4FFD5C96E129E96B697ADFD5AB2DE7BB2467B9AD29E23D3C1EA175B91E6296B7EFB1EB25BC42DFA51FE0157A2E67E8833CE36D6BE0251635BF8213A3D98D2F66A3A5CE3BB93D627BA1197833EE882ED524991F10C9DCE92EB306C51C6E1188EF997F87748C2BF1BB98DCEC6338C327631A390ABBED5DD901A0AFFC37C625EF418C8971A455464705241979B22FC6157C568C0B66923800045884879DD9820F4B5683AD28810C85C1D3090592E40C1060B11433914032F47967805C8AC7120A64989C7506483A2E8D1873D94DA3C29E9FC40904784AFD89F5090392857AA780008FCBDB66A280B8D8E01C902BF14AC89BD48EEC79C9593A06C4C02AF5C30401C9C461E72402F4C22DE68E8400E982B34E02016E327E9F103B11B488A340D231473D9E00280ACDDA5120C0022956D50908516AC56120C06214D1791B29A2E3402E97471C8F85BFC611752D9BE92810034BF9A0C33249860BB9ECF87C37CE1FC24C957239E928905CA6F355E5B06A01C01DDE4D3C67E8B8CC47321200240F1B1CB59312CC001201A40F76B3DC41997C8CBE921020C006991DD7A1423BBDE3F716379E3117E16D6D6D8A51ED6B85B5132E45AE0D0A3688A5528DD33C25453C20A99C8FB1A8454F491890DD784B3F1AB76CB773BCFC4AE7CB10644A6F748F3626A32D4AF11C3ED68BE53B9211F54813D5A8E44616CA5CD9C6C72527C619D8040468C41E167337C6CACD4CB2289D37B05DF7419EF4978BD85B8055EC8FB1F22D03F110F7C90A7D44E5722047CA204983011792F0224E72A934A399266AE40B5DA2F6995998AB26F8DD68D88EDD58186B4A6C77FA50800205401AE5302A700E29EC825A398A46EC44064F334DA563A89AC42E212EE9F4C70AC67A99D86E205E4AC5B0B6CC084039B772A2A0FDE72E21A7DB1D1FC4ECFB141242D3B1C3C29732409CD59D1A4877C9F2F94569787A821355A70602DCCCA316DCCA5C54F3A3CE0D64A2ACB1E42C0AE5BE964E0D6420D68BB57EA792CAD88981B890AE4B2D19F222DEDF0916C408F43A76EA672D31EE22EE92CCCE2A11200DEB94B52382BBB0ABF3AA16301395B464F098229BD98981006FE3395A49C132B141776A2063D1DDD2DDFF9E68315A3A33901ED255EFF0CB45C2D12CBE1675DC9D50DACC09DE3B284FEB9775F81F0E8E4CF4BF3945473FC057D2F67718947561FBE5A3146D7F86B191BFB160572E2498AE62B1A4E21B1CE417B23C42BFDBD076BFB22BFE8A544EE365AA932C889EEC9EC21BA48B6475609EFF609ACC6A75C6D078151D5D544B3810AB548EC9D882CFF14F2E913E9D2B4489966E3747A9F1926FD1B1FE1FE9679EA7E93FA5610000000049454E44AE426082');



-- USER
-- hashed password: letmein
INSERT INTO user (id, username, password) VALUES
--(1,  'u', '$2a$12$ZhGS.zcWt1gnZ9xRNp7inOvo5hIT0ngN7N.pN939cShxKvaQYHnnu'),
(1,  'u', '$2a$12$45lkFTm42GjvQY9wWrYWXeKvSM8MQbiktONicCZEx8Omgo0SRnmAK'),
(2,  'u2', '$2a$12$ZhGS.zcWt1gnZ9xRNp7inOvo5hIT0ngN7N.pN939cShxKvaQYHnnu'),
(3,  '3', '$2a$12$ZhGS.zcWt1gnZ9xRNp7inOvo5hIT0ngN7N.pN939cShxKvaQYHnnu');

-- ROLES

INSERT INTO security_role (id, role_name, description) VALUES (1, 'ROLE_ADMIN', 'Administrator');
INSERT INTO security_role (id, role_name, description) VALUES (2, 'ROLE_EDIT', 'Edit documents');
INSERT INTO security_role (id, role_name, description) VALUES (3, 'ROLE_EXPORT', 'Export data');

INSERT INTO user_role(user_id, role_id) VALUES
-- (1, 1), 
 (1, 2), 
 (1, 3), 
 (2, 2),
 (3, 2); 
